"runtag","MB","MAE","RMSE","NRMSE","R","R2"
"new_event_set",-0.402958333333333,1.27341666666667,1.57779166666667,0.294875,0.966333333333333,0.934458333333333
"new_event_set",-0.402958333333333,1.27341666666667,1.57779166666667,0.294875,0.966333333333333,0.934458333333333
"new_event_set_add_subl_unld",0.368791666666667,1.17179166666667,1.472375,0.290583333333333,0.963291666666667,0.928958333333333
"new_event_set_add_subl_unld2",0.368791666666667,1.17179166666667,1.472375,0.290583333333333,0.963291666666667,0.928958333333333
